loss,acc,precision,recall,f1,auc,fold
0.5567729915361328,0.7565938206480783,0.7755004766444232,0.7656470588235295,0.7705422685294814,0.8352896805273834,1
0.5373596948621845,0.7437090293931063,0.7405368203716449,0.8245210727969349,0.7802755620014503,0.8125621317074672,2
0.5588149483082816,0.7475281673948034,0.7361308677098151,0.8532563891178895,0.7903780068728522,0.8236182044149036,3
0.5179968288009481,0.7532719340765875,0.7570364238410596,0.8092920353982301,0.7822925577416595,0.8313489409934648,4
0.5717518824785948,0.7617617617617618,0.7446941323345818,0.6872119815668203,0.7147992810065907,0.8430730292402431,5
