loss,acc,precision,recall,f1,auc
0.4902214364583848,0.7835876442128769,0.8202486678507993,0.7784895482130816,0.7988237329181802,0.8712182139552805
