loss,acc,precision,recall,f1,auc
0.5175548817219567,0.763676963155936,0.7888283378746594,0.7808496291301416,0.7848187055235514,0.8339269472627766
