loss,acc,precision,recall,f1,auc
0.5047498166222842,0.7508373650911797,0.7764186204553177,0.770397842211733,0.7733965137925198,0.8301668634334193
